/productivite/la-methode-inbox-zero-pour-gagner-en-productivite /la-methode-inbox-zero-pour-gagner-en-productivite 301
/auto-hebergement/comment-configurer-tableau-de-bord-maison /comment-configurer-tableau-de-bord-maison 301
/entrepreneuriat/les-meilleurs-conseils-pour-creer-un-business /les-meilleurs-conseils-pour-creer-un-business 301
/entrepreneuriat/19-canaux-d-acquisition-pour-votre-business /19-canaux-d-acquisition-pour-votre-business 301
/entrepreneuriat/49-questions-pour-ameliorer-vos-resultats /49-questions-pour-ameliorer-vos-resultats 301
/developpement/comment-debugger-un-probleme-de-maniere-efficace /comment-debugger-un-probleme-de-maniere-efficace 301
/entrepreneuriat/10-etapes-pour-prototyper-et-tester-un-business-en-ligne-en-1-jour /10-etapes-pour-prototyper-et-tester-un-business-en-ligne-en-1-jour 301
/auto-hebergement/infrastructure-hebergeur-web-independant /infrastructure-hebergeur-web-independant 301
/life-style/kit-de-survie-developpeur /kit-de-survie-developpeur 301
/developpement/comment-automatiser-installation-arch-linux /comment-automatiser-installation-arch-linux 301
/entrepreneuriat/podcasts-freelance /podcasts-freelance 301
/productivite/comment-acheter-article-non-expediable-en-france /comment-acheter-article-non-expediable-en-france 301
/developpement/jouer-sur-linux /jouer-sur-linux 301
/entrepreneuriat/mes-livres-preferes /mes-livres-preferes 301
/securite/comment-menez-facilement-des-attaques-via-usb /comment-menez-facilement-des-attaques-via-usb 301
/auto-hebergement/comment-configurer-tableau-de-bord-maison /comment-configurer-tableau-de-bord-maison 301
/warez/verifier-ip-telechargement-torrents /verifier-ip-telechargement-torrents 301
/vie-privee/protect-your-privacy /protect-your-privacy 301
/securite/installer-un-vpn-en-30-secondes /installer-un-vpn-en-30-secondes 301
/vie-privee/comment-detenir-un-compte-google-anonyme /comment-detenir-un-compte-google-anonyme 301
/securite/creer-hacklab-virtuel-docker /creer-hacklab-virtuel-docker 301
/vie-privee/comment-suivre-actualite-sans-compte-facebook-twitter-youtube /comment-suivre-actualite-sans-compte-facebook-twitter-youtube 301
/entrepreneuriat/ma-toolbox-personnel /ma-toolbox-personnel 301
/developpement/automatiser-envoie-newsletter-mjml-nodemailer /automatiser-envoie-newsletter-mjml-nodemailer 301
/vie-privee/meilleures-solutions-adresse-mail-jetable /meilleures-solutions-adresse-mail-jetable 301
/auto-hebergement/installation-simple-cluster-kubernetes /installation-simple-cluster-kubernetes 301
/auto-hebergement/installation-alternative-open-source-disqus /installation-alternative-open-source-disqus 301
/auto-hebergement/comment-creer-son-datacenter-maison /comment-creer-son-datacenter-maison 301
/warez/ultime-list-of-warez-tools /ultime-list-of-warez-tools 301
/auto-hebergement/how-to-expose-local-server-behind-firewall /how-to-expose-local-server-behind-firewall 301
/entrepreneuriat/arretez-de-demander-si-votre-idee-d-entreprise-est-bonne /arretez-de-demander-si-votre-idee-d-entreprise-est-bonne 301
/copywriting/benefices-vs-fonctions /benefices-vs-fonctions 301
/livres/pourquoi-certaines-idees-survivent-et-dautres-meurent /pourquoi-certaines-idees-survivent-et-dautres-meurent 301
/livres/choisir-de-ryan-levesque /choisir-de-ryan-levesque 301
/securite/comment-contourner-le-pare-feu-de-mon-ecole /comment-contourner-le-pare-feu-de-mon-ecole 301
/developpement/comment-creer-un-funnel-sur-matomo /comment-creer-un-funnel-sur-matomo 301
/entrepreneuriat/comment-trouver-un-nom-de-produit /comment-trouver-un-nom-de-produit 301
/entrepreneuriat/comment-mesurer-demande-marche /comment-mesurer-demande-marche 301
/livres/generating-product-ideas-actionable-techniques-for-finding-new-business-ideas /generating-product-ideas-actionable-techniques-for-finding-new-business-ideas 301
/developpement/installer-lineage-os-sur-un-samsung-galaxy-j3-2016 /installer-lineage-os-sur-un-samsung-galaxy-j3-2016 301
/copywriting/les-5-niveaux-de-conscience /les-5-niveaux-de-conscience 301
/copywriting/la-formule-aida /la-formule-aida 301
/entrepreneuriat/comment-trouver-idees-methode-hexagone /comment-trouver-idees-methode-hexagone 301
/entrepreneuriat/comment-repondre-aux-objections /comment-repondre-aux-objections 301
/productivite/modeles-mentaux /prenez-de-meilleures-decisions-grace-aux-modeles-mentaux 301
/warez/comment-telecharger-gratuitement-les-images-de-shutterstock /comment-telecharger-gratuitement-les-images-de-shutterstock 301
/livres/strategie-ocean-bleu /strategie-ocean-bleu 301
/developpement/supprimer-voix-musique /supprimer-voix-musique 301
/warez/comment-supprimer-les-drms-dun-ebook /comment-supprimer-les-drms-dun-ebook 301
/livres/10-facons-de-gagner-de-largent-sur-le-web-en-tant-que-developpeur /10-facons-de-gagner-de-largent-sur-le-web-en-tant-que-developpeur 301
/developpement/tester-envoi-email-ligne-de-commande /tester-envoi-email-ligne-de-commande 301
/copywriting/comment-ecrire-un-titre-efficace /comment-ecrire-un-titre-efficace 301
/warez/comment-telecharger-gratuitement-des-musiques-en-illimite /comment-telecharger-gratuitement-des-musiques-en-illimite 301
/creer-un-digital-garden-de-a-a-z-avec-gatsby-et-directus /creer-un-digital-garden 301
/comment-creer-un-theme-obsidian /creer-un-theme-obsidian 301
/creer-un-fichier-.gitignore-automatiquement /creer-un-fichier-.gitignore 301
/faire-sa-declaration-d'impot-en-tant-qu'auto-entrepreneur /faire-sa-declaration-dimpot-en-tant-quauto-entrepreneur 301
/mettre-a-jour-libreelec-manuellement-en-version-10 /libreelec 301
/19-canaux-d-acquisition-pour-votre-entreprise /19-canaux-d-acquisition-pour-votre-business 301
/les-meilleurs-conseils-pour-creer-une-startup /les-meilleurs-conseils-pour-creer-un-business 301
/supprimer-l'espace-libre-d'un-disque-dur-avec-linux /supprimer-définitivement-des-fichiers 301
/ouvrir-un-disque-dur-chiffre-avec-cryptsetup /cryptsetup 301
/the-one-thing-garry-keller /the-one-thing-gary-keller 301
/linux-master /linux 301
/guide-seo /seo 301
/next.js /nextjs 301
/masterpassword /spectre 301
/secret /private 301
/produits /products 301
/hacklab /mon-second-cerveau 301
/all /articles 301
/explore /articles 301
/products /formations 301
/rss /rss.xml 301
/subscribe /newsletter 301
/* /404 404
